{
    "accuracy": 0.6022222222222222,
    "f1": 0.6034684611692129,
    "precision": 0.6150658787748896,
    "recall": 0.6022222222222222
}